{"cameraMode":{"drawMode":0,"name":"Shaded","section":"Shading Mode"},"sceneLighting":true,"audioPlay":false,"sceneViewState":{"showFog":true,"showMaterialUpdate":false,"showSkybox":true,"showFlares":true,"showImageEffects":true,"showParticleSystems":true},"in2DMode":false,"pivot":{"x":1.2516210079193116,"y":0.3288068473339081,"z":0.16656434535980225},"rotation":{"x":-0.10809658467769623,"y":-0.00537104532122612,"z":0.0005840255762450397,"w":-0.9941259026527405},"size":2.799914598464966,"orthographic":false}